<scene>
	<instance name="sphere" path="models/sphere.obj" />
	<instance name="box" path="models/box.obj" />
	<instance name="cylinder" path="models/cylinder.obj" />
	<instance name="cone" path="models/cone.obj" />
	
	<group>
	<transform>
		<set>
		<translate> -22.5 50 0 </translate>
		<scale> 5 100 40 </scale>
		</set>
		<group>
			<object instanceof="box">
				<material>
				<color> 1 0 0 </color>
				</material>
			</object>			
		</group>
	</transform>
    
	<transform>
		<set>
		<translate> 22.5 50 0 </translate>
		<scale> 5 100 40 </scale>
		</set>
		<group>
			<object instanceof="box">
				<material>
				<color> 1 0 0 </color>
				</material>
			</object>			
		</group>
	</transform>
	</group>
</scene>
