<scene>
    <group>
        <transform>
            <set>
                <translate>-90 0 0</translate>
            </set>
            <group name="Y" from="./humanoidY.xml">
            </group>
        </transform>
        <transform>
            <set>
                <translate>40 0 0</translate>
            </set>
            <group name="M" from="./humanoidM.xml">
            </group>
        </transform>
        <transform>
            <set>
                <translate>00 0 0</translate>
            </set>
            <group name="C" from="./humanoidC.xml">
            </group>
        </transform>
    </group>
</scene>
