<scene>
    <group>
        <transform>
            <set>
                <translate>-90 0 0</translate>
            </set>
            <group name="Y" from="scenegraphmodels/humanoidY.xml">
            </group>
        </transform>
        <transform>
            <set>
                <translate>-30 0 0</translate>
            </set>
            <group name="M" from="scenegraphmodels/humanoidM.xml">
            </group>
        </transform>
        <transform>
            <set>
                <translate>30 0 0</translate>
            </set>
            <group name="C" from="scenegraphmodels/humanoidC.xml">
            </group>
        </transform>
        <transform>
            <set>
                <translate>90 0 0</translate>
            </set>
            <group name="A" from="scenegraphmodels/humanoidA.xml">
            </group>
        </transform>
    </group>
</scene>
